id,cases
01001,268
01003,1094
01005,1578
01007,1348
01009,1069
01011,1811
01013,278
01015,32
01017,911
01019,1771
01021,1231
01023,915
01025,1985
01027,1000
01029,669
01031,377
01033,919
01035,1711
01037,722
01039,464
01041,1643
01043,1871
01045,259
01047,1551
01049,258
01051,575
01053,69
01055,1525
01057,2037
01059,1552
01061,622
01063,622
01065,1403
01067,1934
01069,1427
01071,154
01073,1840
01075,1905
01077,1053
01079,1032
01081,38
01083,1153
01085,1089
01087,1483
01089,1584
01091,1280
01093,1757
01095,1072
01097,963
01099,1151
01101,1685
01103,732
01105,461
01107,1011
01109,539
01111,312
01113,99
01115,866
01117,1729
01119,926
01121,551
01123,1575
01125,1223
01127,1612
01129,1477
01131,1164
01133,623
02013,1612
02016,1827
02020,888
02050,677
02060,1174
02068,2041
02070,1312
02090,1193
02100,238
02105,387
02110,1167
02122,1467
02130,950
02150,1205
02158,688
02164,1921
02170,1885
02180,297
02185,1797
02188,1047
02195,1166
02198,550
02220,702
02230,1511
02240,1303
02261,481
02275,1044
02282,1078
02290,1366
04001,19
04003,1913
04005,433
04007,709
04009,2007
04011,550
04012,16
04013,1785
04015,925
04017,1165
04019,1034
04021,544
04023,121
04025,331
04027,1568
05001,1829
05003,1811
05005,1033
05007,1150
05009,748
05011,1495
05013,742
05015,313
05017,767
05019,166
05021,1303
05023,743
05025,300
05027,2025
05029,1610
05031,1056
05033,980
05035,323
05037,1178
05039,153
05041,517
05043,1862
05045,735
05047,1027
05049,1833
05051,572
05053,755
05055,996
05057,98
05059,563
05061,1678
05063,508
05065,724
05067,2
05069,231
05071,149
05073,281
05075,617
05077,711
05079,660
05081,1625
05083,112
05085,160
05087,300
05089,623
05091,2001
05093,1303
05095,1834
05097,1578
05099,1180
05101,1216
05103,1047
05105,1141
05107,1507
05109,498
05111,437
05113,196
05115,17
05117,19
05119,1210
05121,1437
05123,646
05125,220
05127,1946
05129,1243
05131,799
05133,1939
05135,596
05137,685
05139,1700
05141,1123
05143,1360
05145,233
05147,387
05149,4
06001,685
06003,1685
06005,1978
06007,1187
06009,1483
06011,1092
06013,2021
06015,414
06017,1510
06019,1573
06021,1954
06023,1993
06025,1687
06027,1818
06029,1442
06031,1035
06033,1461
06035,440
06037,1130
06039,889
06041,409
06043,1653
06045,289
06047,1423
06049,1730
06051,1037
06053,942
06055,532
06057,1762
06059,1936
06061,1034
06063,209
06065,1127
06067,1781
06069,371
06071,1497
06073,104
06075,889
06077,595
06079,922
06081,1528
06083,9
06085,49
06087,2044
06089,792
06091,86
06093,358
06095,1322
06097,1104
06099,202
06101,1063
06103,953
06105,609
06107,462
06109,1865
06111,1914
06113,1305
06115,1043
08001,206
08003,1230
08005,938
08007,664
08009,2005
08011,66
08013,1614
08014,535
08015,398
08017,1759
08019,847
08021,1483
08023,144
08025,171
08027,918
08029,1183
08031,1549
08033,596
08035,1437
08037,193
08039,491
08041,429
08043,1558
08045,835
08047,189
08049,333
08051,1419
08053,1348
08055,1247
08057,854
08059,1777
08061,1819
08063,790
08065,1563
08067,1992
08069,503
08071,162
08073,933
08075,665
08077,859
08079,981
08081,478
08083,426
08085,372
08087,1079
08089,1437
08091,1269
08093,700
08095,1760
08097,1096
08099,707
08101,790
08103,1566
08105,1900
08107,1390
08109,1695
08111,216
08113,1695
08115,1417
08117,1651
08119,1042
08121,713
08123,1502
08125,317
09001,2043
09003,608
09005,719
09007,1472
09009,1579
09011,38
09013,1258
09015,189
10001,1019
10003,792
10005,298
11001,1854
12001,1719
12003,1755
12005,1561
12007,317
12009,934
12011,855
12013,1212
12015,1101
12017,502
12019,457
12021,1079
12023,1800
12027,644
12029,1145
12031,440
12033,128
12035,1603
12037,920
12039,1347
12041,1151
12043,483
12045,1905
12047,45
12049,1183
12051,55
12053,508
12055,214
12057,194
12059,920
12061,1738
12063,1985
12065,1752
12067,1842
12069,182
12071,1592
12073,1360
12075,796
12077,1058
12079,1085
12081,1597
12083,1407
12085,34
12086,376
12087,524
12089,40
12091,675
12093,1421
12095,1530
12097,1768
12099,876
12101,93
12103,343
12105,502
12107,420
12109,1529
12111,1917
12113,1100
12115,1874
12117,90
12119,479
12121,1017
12123,633
12125,337
12127,1077
12129,1071
12131,1388
12133,1784
13001,1052
13003,312
13005,742
13007,662
13009,1660
13011,52
13013,246
13015,1727
13017,111
13019,201
13021,625
13023,1185
13025,1059
13027,1009
13029,1300
13031,1594
13033,2012
13035,1880
13037,1794
13039,1497
13043,441
13045,2008
13047,303
13049,1439
13051,419
13053,1837
13055,1068
13057,1804
13059,429
13061,1932
13063,1873
13065,573
13067,566
13069,667
13071,1391
13073,1926
13075,316
13077,1378
13079,2013
13081,458
13083,1911
13085,1275
13087,1768
13089,1111
13091,269
13093,1133
13095,472
13097,1233
13099,420
13101,95
13103,491
13105,1410
13107,1649
13109,1497
13111,275
13113,198
13115,1677
13117,1035
13119,1644
13121,1569
13123,1422
13125,870
13127,1435
13129,182
13131,1701
13133,1879
13135,1041
13137,1124
13139,571
13141,476
13143,319
13145,1358
13147,1075
13149,1251
13151,819
13153,263
13155,1572
13157,480
13159,716
13161,1512
13163,413
13165,89
13167,753
13169,2016
13171,313
13173,950
13175,1149
13177,597
13179,439
13181,1890
13183,1291
13185,908
13187,1210
13189,2021
13191,1756
13193,15
13195,995
13197,207
13199,173
13201,1115
13205,1097
13207,917
13209,1757
13211,753
13213,987
13215,1803
13217,1683
13219,377
13221,104
13223,131
13225,69
13227,520
13229,1291
13231,714
13233,1437
13235,972
13237,1719
13239,2010
13241,111
13243,573
13245,461
13247,656
13249,1613
13251,821
13253,976
13255,1406
13257,1232
13259,1488
13261,479
13263,111
13265,1223
13267,608
13269,463
13271,959
13273,1346
13275,1651
13277,1718
13279,238
13281,823
13283,986
13285,1397
13287,62
13289,79
13291,1847
13293,702
13295,986
13297,1803
13299,340
13301,664
13303,236
13305,772
13307,1605
13309,809
13311,1988
13313,1634
13315,737
13317,661
13319,1290
13321,835
15001,1097
15003,904
15005,810
15007,1334
15009,1596
16001,253
16003,676
16005,117
16007,1352
16009,589
16011,1430
16013,827
16015,1884
16017,1129
16019,240
16021,2024
16023,366
16025,40
16027,1030
16029,484
16031,1214
16033,1353
16035,1099
16037,434
16039,77
16041,1960
16043,835
16045,1635
16047,364
16049,576
16051,1876
16053,984
16055,723
16057,2022
16059,815
16061,1477
16063,1426
16065,1894
16067,1715
16069,1232
16071,1916
16073,1770
16075,37
16077,421
16079,1921
16081,581
16083,1021
16085,1036
16087,753
17001,378
17003,226
17005,1205
17007,1253
17009,660
17011,1534
17013,1821
17015,1618
17017,1743
17019,730
17021,446
17023,1259
17025,989
17027,1711
17029,1665
17031,1903
17033,1569
17035,856
17037,700
17039,332
17041,821
17043,1124
17045,1936
17047,1883
17049,1009
17051,207
17053,275
17055,1283
17057,1603
17059,1474
17061,1212
17063,410
17065,1230
17067,1259
17069,1047
17071,629
17073,26
17075,1432
17077,1207
17079,851
17081,110
17083,1073
17085,409
17087,1531
17089,863
17091,291
17093,144
17095,378
17097,167
17099,574
17101,86
17103,1989
17105,1576
17107,1361
17109,1789
17111,1955
17113,669
17115,1499
17117,480
17119,1512
17121,1361
17123,1981
17125,1818
17127,1970
17129,1853
17131,1495
17133,2008
17135,1615
17137,1789
17139,349
17141,1629
17143,1991
17145,910
17147,300
17149,487
17151,253
17153,1113
17155,1534
17157,663
17159,1650
17161,1982
17163,766
17165,1475
17167,1806
17169,355
17171,1257
17173,899
17175,186
17177,1987
17179,1397
17181,1267
17183,521
17185,1298
17187,1469
17189,1458
17191,1120
17193,1776
17195,626
17197,556
17199,1473
17201,1062
17203,1662
18001,1737
18003,196
18005,44
18007,975
18009,1292
18011,1053
18013,1503
18015,1998
18017,1211
18019,731
18021,1246
18023,549
18025,1307
18027,1720
18029,273
18031,1742
18033,865
18035,478
18037,1751
18039,420
18041,1538
18043,1010
18045,78
18047,1362
18049,1974
18051,1243
18053,1355
18055,726
18057,517
18059,162
18061,458
18063,543
18065,1352
18067,1921
18069,1836
18071,944
18073,418
18075,1219
18077,1685
18079,511
18081,532
18083,662
18085,1704
18087,1065
18089,450
18091,1962
18093,1497
18095,84
18097,205
18099,1495
18101,377
18103,1561
18105,734
18107,1422
18109,933
18111,990
18113,77
18115,526
18117,352
18119,188
18121,1887
18123,780
18125,1968
18127,1395
18129,733
18131,1791
18133,1919
18135,1989
18137,804
18139,1955
18141,205
18143,569
18145,664
18147,1639
18149,1523
18151,902
18153,692
18155,1249
18157,868
18159,278
18161,833
18163,1359
18165,1286
18167,1793
18169,1374
18171,1267
18173,311
18175,1379
18177,341
18179,1622
18181,1301
18183,1743
19001,178
19003,87
19005,1440
19007,2043
19009,247
19011,1737
19013,1888
19015,139
19017,338
19019,1030
19021,1208
19023,54
19025,1658
19027,90
19029,1062
19031,1528
19033,1917
19035,1834
19037,1446
19039,100
19041,753
19043,1510
19045,1616
19047,24
19049,1480
19051,799
19053,11
19055,517
19057,539
19059,1684
19061,1369
19063,411
19065,832
19067,1555
19069,1039
19071,0
19073,1718
19075,125
19077,227
19079,706
19081,1387
19083,147
19085,824
19087,415
19089,1464
19091,1351
19093,1439
19095,599
19097,1911
19099,714
19101,1311
19103,1484
19105,88
19107,1598
19109,1929
19111,594
19113,359
19115,1991
19117,858
19119,1362
19121,876
19123,1122
19125,943
19127,913
19129,943
19131,1427
19133,1037
19135,1598
19137,685
19139,533
19141,1148
19143,1990
19145,387
19147,59
19149,307
19151,276
19153,423
19155,863
19157,534
19159,1522
19161,1358
19163,1310
19165,1897
19167,543
19169,1259
19171,1794
19173,2015
19175,274
19177,1342
19179,265
19181,748
19183,406
19185,951
19187,539
19189,811
19191,1050
19193,970
19195,28
19197,1034
20001,53
20003,1465
20005,1422
20007,649
20009,1963
20011,135
20013,517
20015,402
20017,1330
20019,1818
20021,1187
20023,1769
20025,1171
20027,1272
20029,1379
20031,1507
20033,1933
20035,1722
20037,1706
20039,1925
20041,287
20043,1973
20045,2010
20047,1384
20049,12
20051,1479
20053,1279
20055,152
20057,1487
20059,1344
20061,732
20063,1981
20065,707
20067,1579
20069,1987
20071,1655
20073,1635
20075,835
20077,1878
20079,1353
20081,1223
20083,936
20085,112
20087,2012
20089,388
20091,1905
20093,1891
20095,1986
20097,1069
20099,1803
20101,90
20103,1746
20105,1505
20107,841
20109,1888
20111,1577
20113,84
20115,636
20117,772
20119,1869
20121,1635
20123,1042
20125,1865
20127,600
20129,359
20131,266
20133,862
20135,1184
20137,1039
20139,1598
20141,466
20143,1040
20145,1020
20147,509
20149,1168
20151,1131
20153,1957
20155,1470
20157,839
20159,1571
20161,991
20163,1168
20165,1278
20167,1149
20169,2004
20171,498
20173,247
20175,1464
20177,469
20179,1815
20181,2033
20183,1567
20185,778
20187,1874
20189,1311
20191,1882
20193,558
20195,1947
20197,1924
20199,868
20201,288
20203,983
20205,231
20207,1163
20209,1057
21001,1558
21003,1071
21005,471
21007,29
21009,339
21011,722
21013,1226
21015,1220
21017,751
21019,1215
21021,451
21023,1463
21025,1481
21027,1165
21029,168
21031,657
21033,406
21035,1807
21037,1783
21039,1553
21041,458
21043,1987
21045,1711
21047,1022
21049,88
21051,440
21053,1268
21055,67
21057,1716
21059,825
21061,1793
21063,1325
21065,1366
21067,91
21069,1665
21071,1761
21073,26
21075,897
21077,393
21079,292
21081,1429
21083,1679
21085,139
21087,1295
21089,910
21091,276
21093,1017
21095,190
21097,1388
21099,1330
21101,150
21103,641
21105,534
21107,1054
21109,1778
21111,604
21113,1924
21115,967
21117,1434
21119,1259
21121,1673
21123,384
21125,1184
21127,836
21129,1269
21131,1725
21133,1932
21135,77
21137,1075
21139,556
21141,596
21143,1561
21145,1660
21147,946
21149,796
21151,2026
21153,648
21155,1163
21157,431
21159,1845
21161,1349
21163,257
21165,1503
21167,188
21169,614
21171,1399
21173,1925
21175,2000
21177,1851
21179,663
21181,1946
21183,1547
21185,877
21187,725
21189,777
21191,1949
21193,1433
21195,1447
21197,1752
21199,810
21201,770
21203,1379
21205,1533
21207,213
21209,924
21211,699
21213,531
21215,800
21217,1116
21219,1407
21221,836
21223,837
21225,1366
21227,1186
21229,690
21231,1565
21233,1896
21235,126
21237,679
21239,1958
22001,1146
22003,17
22005,1134
22007,1338
22009,380
22011,110
22013,844
22015,82
22017,373
22019,1271
22021,1909
22023,9
22025,1103
22027,1406
22029,523
22031,1222
22033,1060
22035,2031
22037,71
22039,636
22041,214
22043,661
22045,1535
22047,905
22049,390
22051,1883
22053,1943
22055,1053
22057,729
22059,656
22061,1607
22063,1617
22065,743
22067,1656
22069,1094
22071,1953
22073,935
22075,2047
22077,1864
22079,54
22081,108
22083,913
22085,449
22087,793
22089,836
22091,203
22093,1634
22095,441
22097,232
22099,499
22101,415
22103,1259
22105,1403
22107,1930
22109,1952
22111,837
22113,516
22115,1346
22117,856
22119,1657
22121,1336
22123,631
22125,1997
22127,1789
23001,93
23003,1198
23005,128
23007,1598
23009,1303
23011,312
23013,1638
23015,1178
23017,1023
23019,269
23021,965
23023,1822
23025,665
23027,372
23029,530
23031,1691
24001,1118
24003,1458
24005,477
24009,1448
24011,1120
24013,1401
24015,1855
24017,1906
24019,667
24021,1799
24023,1020
24025,862
24027,736
24029,48
24031,2043
24033,1733
24035,376
24037,1515
24039,885
24041,1094
24043,314
24045,12
24047,552
24510,1614
25001,399
25003,84
25005,1777
25007,596
25009,535
25011,1181
25013,1302
25015,261
25017,149
25019,2011
25021,216
25023,64
25025,1459
25027,1920
26001,1497
26003,420
26005,1293
26007,838
26009,1419
26011,1563
26013,1687
26015,1157
26017,2006
26019,378
26021,1242
26023,724
26025,630
26027,379
26029,893
26031,1274
26033,1091
26035,1990
26037,207
26039,1451
26041,176
26043,1413
26045,1093
26047,1406
26049,1279
26051,639
26053,452
26055,1573
26057,1586
26059,1574
26061,617
26063,979
26065,1709
26067,1038
26069,2040
26071,672
26073,838
26075,249
26077,1712
26079,670
26081,1293
26083,1295
26085,1907
26087,1849
26089,1961
26091,326
26093,2009
26095,1229
26097,259
26099,207
26101,1074
26103,174
26105,464
26107,1582
26109,1982
26111,544
26113,1703
26115,1255
26117,561
26119,1390
26121,817
26123,724
26125,1585
26127,1127
26129,1142
26131,1978
26133,207
26135,69
26137,397
26139,802
26141,1469
26143,132
26145,1287
26147,1360
26149,1168
26151,1524
26153,1753
26155,1852
26157,1449
26159,278
26161,1523
26163,277
26165,1248
27001,682
27003,817
27005,600
27007,657
27009,185
27011,617
27013,1000
27015,1833
27017,1101
27019,216
27021,454
27023,1849
27025,481
27027,1763
27029,1494
27031,1586
27033,383
27035,1551
27037,836
27039,1261
27041,2012
27043,1384
27045,579
27047,182
27049,1938
27051,1491
27053,1589
27055,435
27057,186
27059,965
27061,196
27063,1431
27065,1760
27067,400
27069,359
27071,1929
27073,248
27075,1702
27077,2023
27079,508
27081,2018
27083,16
27085,341
27087,1293
27089,1915
27091,878
27093,336
27095,1548
27097,9
27099,752
27101,368
27103,1058
27105,25
27107,106
27109,793
27111,265
27113,1132
27115,1629
27117,621
27119,1953
27121,465
27123,177
27125,1666
27127,1230
27129,551
27131,1254
27133,867
27135,2045
27137,1714
27139,1982
27141,1557
27143,2030
27145,1184
27147,1368
27149,1324
27151,1009
27153,162
27155,317
27157,1899
27159,509
27161,1242
27163,660
27165,231
27167,953
27169,1655
27171,1453
27173,1354
28001,856
28003,1280
28005,1522
28007,1015
28009,77
28011,1484
28013,1243
28015,341
28017,1031
28019,1211
28021,130
28023,435
28025,1890
28027,723
28029,119
28031,244
28033,1402
28035,498
28037,1463
28039,1226
28041,311
28043,534
28045,332
28047,1996
28049,52
28051,1614
28053,1592
28055,1419
28057,323
28059,1006
28061,1246
28063,245
28065,775
28067,1994
28069,2032
28071,1893
28073,269
28075,584
28077,882
28079,1973
28081,1940
28083,969
28085,633
28087,1891
28089,1108
28091,168
28093,991
28095,713
28097,466
28099,704
28101,1371
28103,498
28105,1889
28107,926
28109,21
28111,1530
28113,1289
28115,1778
28117,357
28119,1763
28121,1683
28123,868
28125,588
28127,1298
28129,1616
28131,320
28133,1292
28135,1771
28137,1658
28139,883
28141,502
28143,1008
28145,1479
28147,1840
28149,1339
28151,179
28153,1938
28155,239
28157,832
28159,1825
28161,794
28163,92
29001,1159
29003,1777
29005,960
29007,1524
29009,641
29011,1498
29013,1756
29015,1487
29017,429
29019,2036
29021,1095
29023,1816
29025,1586
29027,853
29029,1041
29031,880
29033,572
29035,1103
29037,1027
29039,1319
29041,274
29043,1346
29045,1656
29047,1784
29049,1550
29051,1081
29053,1975
29055,348
29057,390
29059,1385
29061,1658
29063,1694
29065,1436
29067,1394
29069,801
29071,324
29073,1778
29075,1402
29077,1857
29079,1379
29081,947
29083,2026
29085,1629
29087,926
29089,1031
29091,406
29093,1872
29095,191
29097,925
29099,272
29101,1236
29103,434
29105,624
29107,1337
29109,1521
29111,1253
29113,965
29115,207
29117,417
29119,1955
29121,216
29123,1852
29125,655
29127,2019
29129,1607
29131,106
29133,1549
29135,960
29137,1218
29139,336
29141,650
29143,1778
29145,296
29147,1019
29149,603
29151,602
29153,356
29155,1721
29157,1773
29159,1590
29161,2041
29163,1153
29165,985
29167,2035
29169,1933
29171,564
29173,1894
29175,966
29177,1561
29179,632
29181,1545
29183,619
29185,418
29186,0
29187,1274
29189,423
29195,402
29197,608
29199,594
29201,417
29203,579
29205,316
29207,153
29209,9
29211,1330
29213,1678
29215,174
29217,1928
29219,1025
29221,1083
29223,2034
29225,1902
29227,1026
29229,1573
29510,1393
30001,1464
30003,349
30005,1104
30007,1750
30009,181
30011,884
30013,903
30015,1177
30017,47
30019,1598
30021,1456
30023,967
30025,869
30027,1379
30029,1784
30031,113
30033,1372
30035,1105
30037,288
30039,1794
30041,1099
30043,281
30045,521
30047,376
30049,1691
30051,1201
30053,677
30055,804
30057,1162
30059,1619
30061,192
30063,1323
30065,1587
30067,743
30069,1326
30071,1038
30073,1975
30075,555
30077,581
30079,242
30081,1578
30083,663
30085,1216
30087,2046
30089,110
30091,1735
30093,60
30095,1088
30097,1334
30099,537
30101,1222
30103,1798
30105,1923
30107,1225
30109,1916
30111,1131
31001,607
31003,333
31005,54
31007,496
31009,1200
31011,76
31013,1453
31015,804
31017,1536
31019,959
31021,971
31023,428
31025,1421
31027,1783
31029,1326
31031,1158
31033,2027
31035,251
31037,949
31039,898
31041,295
31043,1891
31045,2008
31047,737
31049,128
31051,1125
31053,3
31055,1056
31057,1811
31059,1042
31061,2042
31063,1123
31065,765
31067,784
31069,1823
31071,1694
31073,226
31075,580
31077,384
31079,1736
31081,523
31083,1869
31085,528
31087,1862
31089,1887
31091,1670
31093,897
31095,1654
31097,1119
31099,813
31101,1543
31103,742
31105,522
31107,1238
31109,1902
31111,644
31113,194
31115,599
31117,439
31119,501
31121,1253
31123,229
31125,656
31127,918
31129,362
31131,734
31133,917
31135,1261
31137,749
31139,983
31141,1232
31143,2022
31145,1166
31147,1569
31149,1466
31151,557
31153,405
31155,551
31157,241
31159,1661
31161,1328
31163,1152
31165,217
31167,750
31169,1538
31171,450
31173,745
31175,1249
31177,1568
31179,1079
31181,1025
31183,293
31185,1520
32001,329
32003,1538
32005,296
32007,545
32009,1207
32011,672
32013,1189
32015,1342
32017,958
32019,1349
32021,1610
32023,1468
32027,1913
32029,1279
32031,1144
32033,1694
32510,1512
33001,548
33003,111
33005,936
33007,1521
33009,919
33011,1347
33013,986
33015,1624
33017,642
33019,823
34001,1491
34003,1444
34005,1598
34007,417
34009,1879
34011,200
34013,724
34015,848
34017,368
34019,229
34021,1118
34023,262
34025,424
34027,1241
34029,205
34031,493
34033,1527
34035,1893
34037,1905
34039,810
34041,173
35001,1629
35003,901
35005,523
35006,713
35007,1144
35009,1360
35011,964
35013,1637
35015,992
35017,1
35019,1275
35021,391
35023,864
35025,695
35027,685
35028,527
35029,1720
35031,680
35033,1912
35035,396
35037,1609
35039,816
35041,1757
35043,895
35045,1460
35047,1465
35049,1496
35051,1482
35053,347
35055,349
35057,489
35059,398
35061,837
36001,667
36003,16
36005,1865
36007,263
36009,26
36011,1112
36013,1295
36015,102
36017,1292
36019,308
36021,355
36023,883
36025,824
36027,815
36029,1334
36031,1160
36033,1761
36035,543
36037,1716
36039,1325
36041,1307
36043,1800
36045,696
36047,826
36049,605
36051,77
36053,117
36055,743
36057,1069
36059,523
36061,810
36063,1481
36065,738
36067,1079
36069,640
36071,1952
36073,749
36075,1939
36077,567
36079,368
36081,477
36083,812
36085,168
36087,249
36089,1295
36091,580
36093,1049
36095,1812
36097,1524
36099,570
36101,140
36103,1609
36105,1358
36107,1730
36109,886
36111,1974
36113,937
36115,1977
36117,1910
36119,123
36121,412
36123,1895
37001,1085
37003,1676
37005,596
37007,305
37009,1120
37011,1255
37013,1354
37015,555
37017,1302
37019,1056
37021,317
37023,977
37025,1670
37027,1699
37029,855
37031,893
37033,516
37035,623
37037,1018
37039,145
37041,728
37043,344
37045,1302
37047,2044
37049,303
37051,1472
37053,1770
37055,428
37057,940
37059,231
37061,4
37063,1828
37065,1538
37067,1526
37069,1486
37071,1017
37073,988
37075,1723
37077,267
37079,843
37081,1033
37083,1345
37085,1610
37087,1475
37089,80
37091,988
37093,1214
37095,78
37097,647
37099,349
37101,1583
37103,1531
37105,1612
37107,639
37109,321
37111,1346
37113,1818
37115,1110
37117,1161
37119,1854
37121,1038
37123,1696
37125,380
37127,1065
37129,1273
37131,777
37133,1624
37135,835
37137,745
37139,500
37141,205
37143,1374
37145,1890
37147,2034
37149,1212
37151,1073
37153,1533
37155,1210
37157,314
37159,1614
37161,571
37163,1053
37165,1787
37167,1532
37169,690
37171,1456
37173,1809
37175,1128
37177,99
37179,1727
37181,1918
37183,642
37185,1404
37187,1166
37189,1053
37191,345
37193,107
37195,1256
37197,888
37199,1805
38001,482
38003,207
38005,204
38007,230
38009,422
38011,266
38013,716
38015,1210
38017,324
38019,317
38021,750
38023,1401
38025,533
38027,877
38029,15
38031,267
38033,1160
38035,1931
38037,194
38039,1698
38041,1316
38043,1786
38045,795
38047,1143
38049,1442
38051,598
38053,1980
38055,1288
38057,1965
38059,1499
38061,1307
38063,1449
38065,215
38067,416
38069,187
38071,1143
38073,570
38075,466
38077,1109
38079,659
38081,1764
38083,195
38085,476
38087,168
38089,699
38091,803
38093,1371
38095,1652
38097,1538
38099,788
38101,76
38103,1759
38105,1338
39001,30
39003,293
39005,954
39007,876
39009,647
39011,1843
39013,954
39015,535
39017,650
39019,1206
39021,1202
39023,975
39025,665
39027,1826
39029,287
39031,244
39033,1638
39035,683
39037,1852
39039,586
39041,860
39043,787
39045,1288
39047,2003
39049,428
39051,1445
39053,1657
39055,1647
39057,1858
39059,29
39061,1877
39063,1984
39065,139
39067,856
39069,630
39071,823
39073,894
39075,203
39077,570
39079,1612
39081,832
39083,1849
39085,831
39087,1109
39089,626
39091,1675
39093,1379
39095,802
39097,971
39099,1583
39101,643
39103,1703
39105,1349
39107,583
39109,1210
39111,457
39113,1320
39115,1823
39117,1195
39119,1113
39121,1909
39123,1889
39125,1980
39127,1191
39129,811
39131,826
39133,1477
39135,593
39137,459
39139,1722
39141,1987
39143,1118
39145,1592
39147,763
39149,629
39151,1245
39153,1829
39155,705
39157,1998
39159,1273
39161,1235
39163,657
39165,1244
39167,1608
39169,975
39171,888
39173,1745
39175,88
40001,1012
40003,1421
40005,1163
40007,1720
40009,1310
40011,1995
40013,1916
40015,1672
40017,2016
40019,84
40021,1252
40023,213
40025,2006
40027,833
40029,1045
40031,692
40033,1957
40035,496
40037,815
40039,1046
40041,1795
40043,774
40045,547
40047,1036
40049,1237
40051,1829
40053,282
40055,356
40057,1322
40059,1954
40061,523
40063,1735
40065,753
40067,1730
40069,1806
40071,657
40073,1838
40075,1863
40077,767
40079,1601
40081,40
40083,1495
40085,436
40087,1672
40089,616
40091,494
40093,1644
40095,64
40097,1785
40099,970
40101,1987
40103,541
40105,936
40107,1927
40109,630
40111,501
40113,1398
40115,1601
40117,1880
40119,787
40121,1889
40123,126
40125,922
40127,1473
40129,414
40131,1420
40133,83
40135,532
40137,985
40139,1086
40141,737
40143,213
40145,720
40147,1293
40149,1241
40151,157
40153,783
41001,612
41003,1343
41005,1841
41007,316
41009,1790
41011,15
41013,1591
41015,1996
41017,38
41019,862
41021,679
41023,205
41025,168
41027,517
41029,502
41031,687
41033,127
41035,103
41037,1601
41039,1267
41041,428
41043,1327
41045,1655
41047,1521
41049,1187
41051,1897
41053,1139
41055,1011
41057,119
41059,688
41061,1801
41063,1939
41065,187
41067,361
41069,719
41071,1680
42001,1333
42003,1041
42005,209
42007,1812
42009,1787
42011,374
42013,793
42015,988
42017,123
42019,628
42021,1974
42023,1878
42025,140
42027,937
42029,155
42031,601
42033,1184
42035,790
42037,484
42039,1689
42041,597
42043,950
42045,513
42047,1260
42049,1946
42051,424
42053,1520
42055,1006
42057,1865
42059,977
42061,34
42063,1330
42065,1953
42067,307
42069,89
42071,9
42073,1504
42075,574
42077,152
42079,1996
42081,781
42083,520
42085,782
42087,840
42089,1669
42091,259
42093,611
42095,140
42097,125
42099,798
42101,1413
42103,271
42105,1472
42107,1511
42109,2027
42111,1980
42113,741
42115,1958
42117,1159
42119,1412
42121,1144
42123,878
42125,1189
42127,1486
42129,1918
42131,1468
42133,334
44001,1696
44003,728
44005,1696
44007,107
44009,61
45001,2040
45003,392
45005,177
45007,1550
45009,1984
45011,947
45013,625
45015,1278
45017,1640
45019,791
45021,1067
45023,1162
45025,1052
45027,1959
45029,860
45031,915
45033,887
45035,552
45037,348
45039,1470
45041,941
45043,1139
45045,679
45047,1699
45049,1467
45051,1258
45053,2034
45055,1886
45057,1335
45059,905
45061,718
45063,706
45065,2000
45067,1581
45069,474
45071,242
45073,1655
45075,132
45077,1918
45079,196
45081,1672
45083,580
45085,175
45087,1073
45089,1382
45091,1368
46003,426
46005,1311
46007,1194
46009,118
46011,1375
46013,1298
46015,1772
46017,813
46019,1202
46021,1898
46023,1736
46025,846
46027,1695
46029,926
46031,130
46033,1480
46035,714
46037,371
46039,689
46041,1647
46043,208
46045,824
46047,1252
46049,994
46051,1253
46053,131
46055,1067
46057,1231
46059,1174
46061,338
46063,1126
46065,152
46067,786
46069,847
46071,1041
46073,837
46075,679
46077,1921
46079,1704
46081,822
46083,969
46085,357
46087,255
46089,1626
46091,1017
46093,1490
46095,877
46097,807
46099,1085
46101,214
46102,1945
46103,772
46105,730
46107,725
46109,815
46111,1137
46115,874
46117,899
46119,1315
46121,302
46123,747
46125,1647
46127,1253
46129,1066
46135,293
46137,683
47001,1742
47003,394
47005,1049
47007,712
47009,1243
47011,1315
47013,511
47015,1838
47017,748
47019,866
47021,1852
47023,489
47025,1567
47027,2033
47029,1975
47031,701
47033,507
47035,1363
47037,1484
47039,1929
47041,1186
47043,495
47045,1939
47047,1392
47049,1372
47051,793
47053,1740
47055,494
47057,1838
47059,23
47061,1108
47063,1572
47065,625
47067,1195
47069,814
47071,593
47073,1067
47075,1704
47077,1953
47079,853
47081,1174
47083,1239
47085,1625
47087,1607
47089,583
47091,545
47093,1846
47095,939
47097,1903
47099,348
47101,873
47103,870
47105,1916
47107,68
47109,1209
47111,1235
47113,2031
47115,601
47117,331
47119,355
47121,154
47123,1727
47125,516
47127,1560
47129,585
47131,2045
47133,1919
47135,1452
47137,334
47139,1820
47141,777
47143,1491
47145,1661
47147,232
47149,1617
47151,1463
47153,1799
47155,954
47157,693
47159,902
47161,2005
47163,9
47165,503
47167,1042
47169,619
47171,804
47173,1842
47175,1262
47177,1850
47179,1386
47181,868
47183,1469
47185,606
47187,1128
47189,544
48001,1817
48003,1783
48005,1710
48007,266
48009,163
48011,1700
48013,1592
48015,681
48017,1975
48019,846
48021,1897
48023,527
48025,389
48027,1185
48029,1597
48031,1393
48033,531
48035,1848
48037,1952
48039,1740
48041,1036
48043,1848
48045,568
48047,258
48049,1265
48051,474
48053,1140
48055,374
48057,833
48059,1655
48061,1326
48063,20
48065,1198
48067,2009
48069,1159
48071,1911
48073,737
48075,990
48077,1646
48079,907
48081,748
48083,1708
48085,7
48087,670
48089,457
48091,1938
48093,974
48095,368
48097,1125
48099,1913
48101,1355
48103,345
48105,1870
48107,1936
48109,1284
48111,873
48113,1618
48115,546
48117,1996
48119,1163
48121,1124
48123,70
48125,2026
48127,1749
48129,1982
48131,241
48133,1562
48135,533
48137,1219
48139,1917
48141,1911
48143,558
48145,1493
48147,1244
48149,287
48151,818
48153,1257
48155,1723
48157,1641
48159,357
48161,638
48163,1255
48165,603
48167,1354
48169,970
48171,1896
48173,62
48175,1446
48177,1240
48179,701
48181,1172
48183,1914
48185,139
48187,1241
48189,1046
48191,210
48193,1891
48195,161
48197,720
48199,1265
48201,625
48203,1145
48205,331
48207,1033
48209,1373
48211,1920
48213,1254
48215,568
48217,154
48219,182
48221,1217
48223,967
48225,1713
48227,567
48229,1466
48231,378
48233,1350
48235,739
48237,179
48239,1357
48241,1216
48243,999
48245,1039
48247,1246
48249,891
48251,1522
48253,1548
48255,124
48257,1239
48259,1317
48261,790
48263,613
48265,1508
48267,1870
48269,1262
48271,359
48273,607
48275,1834
48277,251
48279,1445
48281,1864
48283,426
48285,383
48287,1377
48289,754
48291,1481
48293,777
48295,1604
48297,1100
48299,648
48301,1039
48303,1065
48305,400
48307,730
48309,1939
48311,928
48313,346
48315,1102
48317,2012
48319,917
48321,1499
48323,915
48325,299
48327,1488
48329,1063
48331,1580
48333,1620
48335,1913
48337,294
48339,413
48341,1678
48343,1986
48345,167
48347,2014
48349,1131
48351,1635
48353,1232
48355,466
48357,396
48359,372
48361,1463
48363,219
48365,195
48367,1292
48369,1416
48371,331
48373,986
48375,14
48377,630
48379,1445
48381,970
48383,1958
48385,1483
48387,560
48389,423
48391,454
48393,1126
48395,333
48397,441
48399,1092
48401,52
48403,574
48405,2037
48407,1937
48409,1874
48411,1763
48413,1750
48415,1214
48417,334
48419,1746
48421,499
48423,1607
48425,1117
48427,762
48429,466
48431,1491
48433,314
48435,507
48437,1087
48439,1103
48441,613
48443,935
48445,1272
48447,1523
48449,1730
48451,1218
48453,1083
48455,1436
48457,1883
48459,1958
48461,1404
48463,749
48465,94
48467,569
48469,1506
48471,156
48473,1240
48475,991
48477,1565
48479,1400
48481,1691
48483,149
48485,1964
48487,1797
48489,1296
48491,1022
48493,1809
48495,103
48497,376
48499,669
48501,319
48503,1921
48505,1832
48507,1235
49001,1987
49003,1005
49005,947
49007,652
49009,115
49011,558
49013,137
49015,1738
49017,11
49019,1809
49021,1136
49023,1955
49025,1674
49027,1668
49029,940
49031,1997
49033,1326
49035,310
49037,1448
49039,1930
49041,2033
49043,1510
49045,1298
49047,1302
49049,384
49051,1764
49053,1812
49055,350
49057,647
50001,1325
50003,1530
50005,931
50007,1660
50009,1375
50011,1721
50013,1183
50015,1245
50017,1061
50019,681
50021,62
50023,361
50025,1947
50027,747
51001,1430
51003,80
51005,596
51007,605
51009,952
51011,359
51013,1556
51015,1344
51017,706
51019,315
51021,881
51023,1552
51025,609
51027,1242
51029,837
51031,412
51033,1752
51035,1871
51036,45
51037,1359
51041,550
51043,1685
51045,1889
51047,1386
51049,1928
51051,1277
51053,1235
51057,897
51059,1508
51061,370
51063,1623
51065,1874
51067,1205
51069,1742
51071,1445
51073,1822
51075,1215
51077,1895
51079,1959
51081,960
51083,557
51085,2029
51087,1195
51089,1621
51091,1229
51093,47
51095,1153
51097,501
51099,1101
51101,1119
51103,1996
51105,783
51107,198
51109,134
51111,1854
51113,1291
51115,1778
51117,1053
51119,1691
51121,1060
51125,14
51127,319
51131,1082
51133,947
51135,1770
51137,1983
51139,1027
51141,687
51143,686
51145,1108
51147,1750
51149,852
51153,833
51155,676
51157,1177
51159,564
51161,2035
51163,1574
51165,101
51167,904
51169,1685
51171,1099
51173,1777
51175,2
51177,1009
51179,1421
51181,192
51183,542
51185,727
51187,1302
51191,1125
51193,1768
51195,1561
51197,1777
51199,318
51510,612
51520,732
51530,1837
51540,276
51550,1507
51570,801
51580,1636
51590,201
51595,606
51600,874
51610,303
51620,962
51630,1645
51640,841
51650,835
51660,113
51670,566
51678,1507
51680,1155
51683,647
51685,1731
51690,1285
51700,1608
51710,1785
51720,1568
51730,1009
51735,1027
51740,1481
51750,1349
51760,219
51770,1635
51775,684
51790,1217
51800,620
51810,780
51820,840
51830,1644
51840,1817
53001,871
53003,431
53005,408
53007,183
53009,187
53011,305
53013,815
53015,1162
53017,712
53019,275
53021,833
53023,572
53025,447
53027,1763
53029,1110
53031,182
53033,1169
53035,894
53037,746
53039,729
53041,284
53043,654
53045,1017
53047,85
53049,1416
53051,832
53053,1050
53055,1373
53057,157
53059,299
53061,118
53063,1429
53065,754
53067,340
53069,1112
53071,1652
53073,1388
53075,920
53077,1803
54001,278
54003,1042
54005,893
54007,1860
54009,868
54011,1371
54013,1710
54015,273
54017,823
54019,1423
54021,1120
54023,466
54025,126
54027,471
54029,1883
54031,46
54033,125
54035,1553
54037,913
54039,1090
54041,706
54043,1753
54045,1310
54047,1110
54049,708
54051,1669
54053,307
54055,718
54057,1208
54059,497
54061,641
54063,663
54065,458
54067,1557
54069,1084
54071,946
54073,296
54075,37
54077,1903
54079,1911
54081,1275
54083,317
54085,1688
54087,1414
54089,2004
54091,1130
54093,1234
54095,1144
54097,581
54099,612
54101,1653
54103,180
54105,484
54107,1773
54109,16
55001,203
55003,1363
55005,1046
55007,63
55009,850
55011,59
55013,220
55015,1859
55017,1292
55019,460
55021,110
55023,970
55025,1391
55027,1384
55029,1046
55031,1972
55033,152
55035,1615
55037,745
55039,1592
55041,1921
55043,117
55045,114
55047,870
55049,1188
55051,1250
55053,1808
55055,674
55057,1547
55059,1236
55061,1900
55063,839
55065,53
55067,1964
55069,1202
55071,946
55073,1707
55075,1694
55077,1908
55078,1877
55079,1933
55081,631
55083,1024
55085,377
55087,1262
55089,1373
55091,2012
55093,1610
55095,1840
55097,1136
55099,1628
55101,1981
55103,889
55105,110
55107,822
55109,749
55111,773
55113,1379
55115,826
55117,1987
55119,156
55121,2047
55123,791
55125,683
55127,572
55129,1734
55131,117
55133,24
55135,245
55137,572
55139,372
55141,1716
56001,1960
56003,614
56005,244
56007,1822
56009,1
56011,569
56013,1265
56015,1013
56017,716
56019,163
56021,771
56023,1767
56025,85
56027,165
56029,1226
56031,1583
56033,1128
56035,1055
56037,1866
56039,116
56041,1082
56043,1760
56045,1062
